title,author,date_published,url,article_text,source
„Produkt der Kalten-Kriegs-Mentalität“ . China und Russland kritisieren einmütig Bidens Demokratie-Gipfel,no_author,"28.11.2021, 10:35 Uhr",https://www.tagesspiegel.de/politik/produkt-der-kalten-kriegs-mentalitaet-china-und-russland-kritisieren-einmuetig-bidens-demokratie-gipfel/27841494.html,"In einem gemeinsamen Meinungsbeitrag haben die Botschafter Chinas und Russlands in den USA den von US-Präsident Joe Biden   scharf kritisiert. Das Gipfel-Vorhaben sei ""offensichtlich das Produkt der Kalten-Kriegs-Mentalität"" der USA, schrieben die Diplomaten Qin Gang und Anatoly Antonow in einem auf der konservativen Website   veröffentlichten Beitrag. Die Veranstaltung werde neue ""Trennlinien"" zwischen den Ländern der Welt schaffen. Demokratie könne ""auf unterschiedliche Weise realisiert"" werden, schrieben die Botschafter. Es gebe ""kein Modell"", das für alle Länder passend sei. Der von Biden geplante Demokratie-Gipfel soll vom 9. bis 10. Dezember als virtuelle Veranstaltung stattfinden. Eingeladen sind die Vertreter von etwa 110 Ländern - China und Russland gehören nicht dazu. Besonders erbost ist China über  . Peking betrachtet die Pazifikinsel als abtrünnige Provinz, die wieder mit dem Festland vereinigt werden soll - notfalls mit Gewalt. Ebenfalls auf der Gästeliste für den Gipfel stehen Länder, deren Regierungen Angriffe auf die Demokratie vorgeworfen werden, etwa Brasilien, Indien und Pakistan. Der EU-Staat Ungarn und das Nato-Mitglied Türkei sind hingegen nicht eingeladen.  geplanten Demokratie-Gipfel ""The National Interest"" die Einladung Taiwans zu dem Gipfel",tagesspiegel
China warnt vor „Spiel mit dem Feuer“ . USA laden Taiwan zu Online-Gipfel für Demokratie ein,no_author,"24.11.2021, 11:48 Uhr",https://www.tagesspiegel.de/politik/china-warnt-vor-spiel-mit-dem-feuer-usa-laden-taiwan-zu-online-gipfel-fuer-demokratie-ein/27828512.html,"Inmitten   hat die US-Regierung Taiwan zu ihrem Online-Gipfel für Demokratie eingeladen. Eine am Dienstag (Ortszeit) vom US-Außenministerium veröffentlichte Liste enthielt mehr als 100 teilnehmende Länder. China und Russland waren nicht darunter.  Für Taiwan würden Digitalministerin Audrey Tang und die diplomatische Gesandte in den USA, Hsiao Bi-khim, an den Gesprächen am 9. und 10. Dezember teilnehmen, teilte das Außenministerium des ostasiatischen Inselstaats mit. China warnte die USA am Mittwoch davor, „mit dem Feuer zu spielen“ und Konfrontationen zu provozieren. Das Weiße Haus müsse sich an das Ein-China-Prinzip halten, forderte ein Sprecher des Pekinger Außenministeriums. Man lehne die Einladung an Taiwan strikt ab.  Im Rahmen ihrer Ein-China-Politik unterhalten die USA keine offiziellen diplomatischen  , daher werden die Interessen beider Länder von sogenannten Repräsentanten vertreten, die einen ähnlichen Status wie Botschafter haben. Die kommunistischen Führung Chinas hatte zuletzt erneut mit einer Eroberung Taiwans zur „Wiedervereinigung“ gedroht. Peking betrachtet Taiwan als Teil der Volksrepublik, während sich die 23 Millionen Einwohner zählende Inselrepublik als unabhängig ansieht. Die USA hatten zuletzt während der Amtszeit von Präsident Donald Trump ihre Politik gegenüber China deutlich verschärft. Sein Amtsnachfolger Joe Biden hatte bei seinem ersten Online-Gipfel mit Chinas Staats- und Parteichef Xi Jinping vor rund einer Woche betont, dass sich die USA weiter ihrer Ein-China-Politik verpflichtet fühlen, wonach Peking als der legitime Vertreter Chinas angesehen wird. Er bekräftigte aber, dass die USA entschieden „einseitige Bemühungen“ ablehnten, den Status quo Taiwans zu ändern oder den Frieden und die Stabilität in der Taiwanstraße zu untergraben. Biden hatte den Gipfel für Demokratie im August angekündigt. Hauptthemen werden demnach die Verteidigung gegen Autoritarismus, die Bekämpfung der Korruption und Förderung der Achtung der Menschenrechte sein. Ein Jahr später soll es einen weiteren Gipfel geben, um die Fortschritte bei der Erfüllung der Verpflichtungen zu präsentieren. Die zum Demokratie-Gipfel nicht eingeladene russische Regierung warf der US-Regierung vor, die Weltgemeinschaft spalten zu wollen. „Die USA ziehen es vor, neue Trennlinien zu schaffen und die Länder in ihrer Meinung nach gute und ihrer Meinung nach schlechte Länder zu unterteilen“, sagte Kreml-Sprecher Dmitri Peskow am Mittwoch. Washington versuche, den Demokratie-Begriff zu privatisieren. „Immer mehr Länder ziehen es vor, selbst zu entscheiden, wie sie leben wollen, ohne auf irgendjemanden zurückzublicken“, sagte Peskow.  angespannter Beziehungen zu China Beziehungen zu Taiwan",tagesspiegel
Auch wegen der Corona-Pandemie . Chinas Geburtenrate fällt auf niedrigsten Stand seit 1978,no_author,"23.11.2021, 10:21 Uhr",https://www.tagesspiegel.de/gesellschaft/panorama/auch-wegen-der-corona-pandemie-chinas-geburtenrate-faellt-auf-niedrigsten-stand-seit-1978/27825072.html,"Die Geburtenrate in   ist auf den niedrigsten Stand seit dem Ende der 1970er Jahre gefallen. Den   um 18 Prozent auf zwölf Millionen im vergangenen Jahr erklärte das Statistikamt am Dienstag in Peking auch vage mit der Corona-Pandemie. Doch sehen Experten die hohen Kosten für Wohnraum, Bildung und Gesundheit in China und die schwindende Bereitschaft zur Heirat als eigentliche Gründe für die beunruhigende Entwicklung. Die Geburtenrate im bevölkerungsreichsten Land rutschte mit 8,52 Neugeborenen auf 1000 Menschen erstmals wieder in den einstelligen Bereich - so niedrig wie seit 1978 nicht mehr, wie die Statistiker in ihrem neuen Jahrbuch berichteten. Wegen der rückläufigen Geburtenrate und der stabil bleibenden Zahl der Todesfälle bewegt sich das Milliardenvolk damit auf ein Nullwachstum zu.   „Wenn der Trend andauert, werden wir in ein paar Jahren einen Bevölkerungsrückgang haben“, sagte Professorin Song Jian von der Volksuniversität in Peking der Zeitung „Sixth Tone“. „Während die junge Bevölkerung noch schneller schrumpfen dürfte, wird sich das Problem der Überalterung verschärfen, was der wirtschaftlichen und sozialen Entwicklung schaden wird.“ Das Statistikamt gab das Bevölkerungswachstum für die zehn Jahre bis 2020 mit 0,53 Prozent an - nach noch 0,57 Prozent in den Jahren von 2000 bis 2010. Die Fruchtbarkeitsrate der Frauen im gebärfähigen Alter sei auf 1,3 gefallen. Das ist deutlich niedriger als die 2,1, die Experten für eine stabile Bevölkerungszahl für notwendig halten. Das Ende der seit 1979 geltenden umstrittenen   hat nur kurz zu einem leichten Aufschwung geführt, bis die Zahl der Geburten 2018 wieder unter den Stand von 2015 fiel. So gibt es heute 36 Prozent weniger Geburten als 2016 mit 18,83 Millionen, wie aus neueren Angaben in dem Jahrbuch hervorgeht. Als Reaktion auf den Geburtenrückgang und die rapide Überalterung wurden im Mai dieses Jahres auch drei Kinder erlaubt. Außerdem bemüht sich die Regierung, es jungen Paaren leichter zu machen, Kinder zu haben. Die Kosten für Bildung wurden gesenkt. Finanzhilfen wurden gewährt und Mutterschafts- oder Elternurlaub erleichtert. Doch sinkt schon die Heiratsbereitschaft. Die Zahl der Eheschließungen sank 2020 das siebte Jahr in Folge, wie aus dem Jahrbuch hervorgeht. Nur 8,1 Millionen Paare haben 2020 geheiratet - ein Rückgang von zwölf Prozent im Vergleich zum Vorjahr. In einer jüngsten Umfrage der Jugendliga gab knapp die Hälfte der Frauen an, nicht heiraten zu wollen oder unsicher zu sein, ob sie den Bund der Ehe schließen werden. Bei den Männern war es jeder Vierte. Es wurden 2905 Frauen und Männer im Alter von 18 bis 26 in Städten befragt. Mehr als die Hälfte meinte, dass Geburten und das Aufziehen von Kindern zu teuer seien. Auch verweisen Frauen häufig darauf, dass sich eine Mutterschaft negativ auf ihre berufliche Karriere auswirkt. Somit müssen zunehmend weniger Werktätige in der   immer mehr alte Leute versorgen. Wie die Volkszählung im Mai zeigte, schreitet die Überalterung der 1,4 Milliarden zählenden Bevölkerung unaufhaltsam voran: Die Zahl der Chinesen über 60 Jahre ist seit 2010 um 5,44 Prozent auf 264 Millionen gestiegen. Knapp jeder fünfte Chinese (18,7 Prozent) ist heute schon älter als 60 Jahre. Zugleich geht die Bevölkerungsgruppe im arbeitsfähigen Alter zwischen 15 und 59 Jahre weiter zurück.  China Rückgang der Geburten Ein-Kind-Politik vor sechs Jahren zweitgrößten Volkswirtschaft",tagesspiegel
Bidens Gipfel der Demokratien . Diese Party ist zu groß,Christoph von Marschall,"24.11.2021, 22:44 Uhr",https://www.tagesspiegel.de/politik/bidens-gipfel-der-demokratien-diese-party-ist-zu-gross/27831864.html,"Der Impuls ist richtig. Der   ist überfällig.  , sondern auf dem Rückzug.  Umso wichtiger wäre, dass  , die dieses Etikett unzweifelhaft verdienen.  . Nach den Kriterien von Freedom House qualifizieren sich nur 77 der rund 200 Staaten der Erde.  , da   so  . Aber gilt das auch für Angola, die „Demokratische Republik“ Kongo, Kenia, Malaysia, Pakistan, Sambia, Serbien?  Die USA haben bei der Einladungsliste Abwägungen getroffen, die sich nicht allein nach dem Kriterium einer funktionierenden Demokratie richten. Im Nahen und Mittleren Osten erfüllt es nur Israel. Beim Irak sind Zweifel angebracht, ebenso in Nordafrika bei Tunesien.  Umgekehrt problematisch ist die Ausladung Ungarns.   ist ein ideologisches  , aber nicht auf Grund von Wahlfälschung an der Macht. Das Motiv war wohl, ihm kein Gütesiegel kurz vor der Wahl zu geben. Richtigerweise erhielt auch  keine Einladung.  Alles in allem wirkt die Karte der Eingeladenen wie ein Weckruf: Die Demokratien stehen unter Druck. Dominant sind sie nur in Europa, Nordamerika und Teilen Asiens.  , damit ihr Kreis nicht kleiner wird.  solidarische Zusammenschluss der Demokratien gegen autoritäre Herrscher Anders als vor 30 Jahren ist die Freiheit nicht auf dem Vormarsch Joe Biden nur Länder zum Demokratiegipfel im Dezember einlädt Mit 110 Staaten ist der Kreis zu groß Taiwan gehört selbstverständlich dazu mag China protestieren viel es will Viktor Orban Feindbild für progressive Kräfte Edogans Türkei  Sie müssen zusammenhalten",tagesspiegel
Nach Anschuldigen gegen Ex-Vizepremier verschwunden . Wo ist die Tennisspielerin Peng Shuai?,Benedikt Voigt,"16.11.2021, 17:18 Uhr",https://www.tagesspiegel.de/gesellschaft/panorama/nach-anschuldigen-gegen-ex-vizepremier-verschwunden-wo-ist-die-tennisspielerin-peng-shuai/27805464.html,"Wo ist Peng Shuai? Unter dieser Frage wird zurzeit nicht nur im Internet, nach der prominenten chinesischen Tennisspielerin gesucht. Der Chef der Frauentennisorganisation WTA, Steve Simon, sagte der „New York Times“, dass er aus einigen Quellen, darunter der Chinesische Tennisverband, gehört habe, dass sie in Sicherheit sei und nicht physisch bedroht werde.  „Meinen Informationen nach ist sie in Peking   aber ich kann das nicht bestätigen, weil ich nicht direkt mit ihr gesprochen habe“, sagte Simon. Der chinesische Menschenrechtsanwalt Teng Biao ist nicht so optimistisch. „Wenn die einzige Information über Peng Shuais Aufenthaltsort und Sicherheit vom ,Chinesischen Tennisverband’ stammt“, schreibt Teng Biao auf Twitter, „dann bedeutet das, dass die   sie hat verschwinden lassen und dass sie nicht in Sicherheit ist.“  Die 35 Jahre alte Peng Shuai hatte am 2. November den ehemaligen chinesischen Vizepremier Zhang Gaoli auf ihrem Account bei der Social-Media-Plattform Weibo beschuldigt, sie sexuell missbraucht zu haben. Demnach hatten sie vor mehr als zehn Jahren eine Affäre mit ihm gehabt, 2018 habe Zhang dann versucht, sie gegen ihren Willen in seiner Wohnung zum Sex zu zwingen.  Seine Ehefrau habe währenddessen vor der Tür gewacht. „Ich kann nicht beschreiben, wie angewidert ich war und wie oft ich mich gefragt habe, ob ich noch ein Mensch bin“, schrieb Peng in dem Beitrag, „ich fühle mich wie eine wandelnde Leiche.“  In den meisten anderen Ländern hätte diese Anschuldigung einer prominenten Sportlerin eine   in der Öffentlichkeit und Ermittlungen von Behörden ausgelöst. Nicht so im autoritären Einparteienstaat China. Im chinesischen Internet wurde ihr Beitrag nach kurzer Zeit gelöscht, alle Debatten wurden zensiert. Sogar das Wort „Tennis“ soll kurzzeitig nicht aufrufbar gewesen sein. Von Peng Shuai hörte und sah man seitdem nichts mehr, sie konnte so bisher auch nicht bestätigen, ob der Beitrag tatsächlich von ihr stammte.  Während in China nicht öffentlich debattiert wird, erhält sie nun Unterstützung von außerhalb.   und die Frauentennisszene versuchen ihr zu helfen, vor allem die Frauentennisorganisation WTA setzt sich für die Spielerin ein, die 2014 im Doppel in Wimbledon gewonnen hatte und im Einzel bis auf Platz 14 der Weltrangliste kam.  „Sie hat offenkundig großen Mut bewiesen, indem sie das öffentlich gemacht hat“, sagte WTA-Chef Simon der „New York Times“. Die WTA verlange eine vollständige und transparente Untersuchung vom chinesischen Staat. „Alles andere wäre ein Affront nicht nur gegenüber unseren Spielerinnen, sondern für alle Frauen.“ Falls geeignete Resultate ausbleiben, sagte der WTA-Chef, sei sein Verband sogar bereit, das Business in China zu beenden.  Dieses ist sehr lukrativ, in diesem Jahr wären insgesamt elf Turniere geplant gewesen, darunter das mit 14 Millionen Dollar dotierte Saisonfinale in Shenzhen. Doch aufgrund der rigiden NoCovid-Bestimmungen in China und der damit verbundenen Abschottung der Volksrepublik, fanden seit März 2020 ohnehin keine WTA-Turniere mehr in der Volksrepublik statt.  Stattdessen lässt die WTA nun bereits außerhalb Chinas spielen. Das bringt zwar weniger Preisgeld ein, dürfte aber auch ein Grund dafür sein, warum Simon die Rückzugsdrohung aussprechen konnte: Zurzeit spielt der Verband gar nicht in China. Die Tennis-Legende Martina Navratilova twitterte bereits: „Frauen-Tennis in China wird wahrscheinlich für eine Weile vorbei sein.“ Auch der Männertennisverband ATP unterstützt das Anliegen der WTA.  Der Sprecher des chinesischen Außenamtes wollte sich am Montag nicht zu Peng Shuai äußern. „Ich habe von dem Thema nicht gehört“, sagte Zhao Lijian. Er sei dafür nicht zuständig, es handle sich nicht um eine Frage der Diplomatie.  Pengs Verschwinden ist gar nicht so ungewöhnlich im seit 1949 kommunistisch regierten China. Wer beim Regime in Ungnade fällt oder es herausfordert, kann schon mal mit oder ohne Prozess kurz oder länger aus der Öffentlichkeit verschwinden. Das passierte Schauspielerinnen wie Fan Bingbing oder Zhao Wei oder Milliardären wie dem reichsten Mann Chinas, Jack Ma. Zwar hat die chinesische MeToo-Bewegung in den letzten Jahren etwas Fahrt aufgenommen. Vor bald einem Jahr machte ein Prozess gegen einen Moderatoren des Staatsfernsehens Schlagzeilen, auch an Universitäten fasste die Bewegung Fuß. Doch Zensur und Polizei bereiten dem Aktivismus häufig schnell ein Ende, wenn er zu politisch wird. Und Pengs Vorwürfe sind allein schon durch den möglichen Täter hochpolitisch.  In dem inzwischen 75 Jahre alten ehemaligen Vizeregierungschef Zhang Gaoli steht ein Mitglied des von Männern dominierten Machtzentrum Chinas im Mittelpunkt der Vorwürfe. Das macht ihre Freunde unruhig. „Ich kenne Peng, seit sie 14 ist; wir sollten alle sehr besorgt sein; es ist ernst“, twitterte die US-Tennislegende Chris Evert: „Wo ist sie? Ist sie sicher? Jede Information wäre willkommen.“ in China, Chinesische Regierung breite MeToo-Debatte MeToo-Aktivistinnen",tagesspiegel
Athleten könnten trotzdem teilnehmen . USA erwägen diplomatischen Boykott von Olympia in Peking,no_author,"18.11.2021, 21:35 Uhr",https://www.tagesspiegel.de/politik/athleten-koennten-trotzdem-teilnehmen-usa-erwaegen-diplomatischen-boykott-von-olympia-in-peking/27814472.html,"Die USA werden zur Eröffnungsfeier der Olympischen Winterspiele im Februar in China womöglich keine offizielle Delegation schicken. Hintergrund ist sind Vorwürfe von Menschenrechtsverletzungen in der Volksrepublik. Einen sogenannten diplomatischen Boykott der Spiele in Peking  am Donnerstag als eine Möglichkeit, die erwogen werde. Er äußerte sich bei einem Treffen mit dem kanadischen Ministerpräsidenten Justin Trudeau. Die US-Regierungszentrale ging am Donnerstag auf Nachfrage nicht näher darauf ein, wie ein diplomatischer Boykott genau aussehen könnte. Es dürfte heißen, dass anders als üblich keine Regierungsvertreter zu den Olympischen Spielen reisen. Die Teilnahme von US-Athleten dürfte dadurch aber unberührt bleiben. Details eines möglichen solchen Schritts ließ das Weiße Haus aber offen. Menschenrechtsaktivisten und Kongressmitglieder beider Parteien haben die US-Regierung zu einem solchen Boykott aufgerufen. Üblicherweise senden Regierungen eine hochrangige Delegation von Diplomaten zu Olympia-Eröffnungsfeiern.  Die Winterspiele in Peking finden vom 4. bis 20. Februar statt. Die USA werfen China vor, in der überwiegend muslimischen Uiguren-Provinz Xinjiang einen Völkermord zu begehen. Die Regierung in Peking weist dies zurück. Zuletzt hatte Biden mit dem chinesischen Staatsoberhaupt Xi Jinping . Dabei ging es nach US-Angaben auch um Menschenrechte im allgemeinen. Die Sprecherin des Weißen Hauses, Jen Psaki, sagte am Donnerstag, ein möglicher Boykott der Olympischen Spiele sei kein Thema bei dem Gespräch gewesen. (Reuters, dpa)  bezeichnete US-Präsident Joe Biden  im Rahmen eines Video-Gipfels Gespräche geführt",tagesspiegel
„Spiel mit dem Feuer“ um Zukunft Taiwans . Biden und Xi ermahnen sich gegenseitig,no_author,"16.11.2021, 07:54 Uhr",https://www.tagesspiegel.de/politik/spiel-mit-dem-feuer-um-zukunft-taiwans-biden-und-xi-ermahnen-sich-gegenseitig/27803228.html,"US-Präsident Joe Biden hat bei seinem ersten   vor einer Konfrontation zwischen den weltgrößten Volkswirtschaften gewarnt. Biden sagte am Montagabend (US-Ortszeit) zu Beginn des Gesprächs mit Xi, es liege in ihrer beider Verantwortung, „dafür zu sorgen, dass der Wettbewerb zwischen unseren Ländern nicht in einen Konflikt ausartet, ob beabsichtigt oder unbeabsichtigt“.  Biden betonte zugleich, „dass sich alle Länder an dieselben Spielregeln halten müssen“. Die USA würden immer für ihre Interessen und Werte sowie die ihrer Verbündeten und Partner eintreten. Xi äußerte die Bereitschaft, mit Biden „einen Konsens zu bilden und aktive Schritte zu unternehmen, um die Beziehungen zwischen China und den USA in eine positive Richtung zu bewegen“, wie ihn die amtliche Nachrichtenagentur Xinhua zitierte.  Auch Xi warnte vor einer Konfrontation. In der Videokonferenz sagte er nach Angaben von Staatsmedien, beide Seiten müssten konstruktiv mit ihren Differenzen umgehen, „um zu verhindern, dass die chinesisch-amerikanischen Beziehungen vom Kurs abkommen und außer Kontrolle geraten“. Es sei normal, dass beide Länder Meinungsverschiedenheiten hätten. Entscheidend sei aber, diese konstruktiv in den Griff zu bekommen und eine Verschärfung zu verhindern. „Natürlich muss China seine eigene Souveränität, Sicherheit und Entwicklungsinteressen schützen“, betonte Xi Jinping. Die USA sollten vorsichtig damit umgehen. Chinas Präsident verglich beide Mächte mit zwei Ozeanriesen: „Wir müssen das Ruder stabilisieren, damit sich die beiden gigantischen Schiffe China und USA gegen Wind und Wellen vorwärts bewegen, ohne vom Kurs abzukommen, zu stocken oder zu kollidieren.“ Als größte Volkswirtschaften und ständige Mitglieder im Weltsicherheitsrat sollten die USA und China ihrer internationalen Verantwortung gerecht werden, sagte Xi demnach. Besonders umstritten ist zwischen den beiden Weltmächten die Zukunft Taiwans. Biden unterstrich nach Angaben des Weißen Hauses, dass sich die USA weiter ihrer Ein-China-Politik verpflichtet fühlen, wonach Peking als der legitime Vertreter Chinas angesehen wird. Er bekräftigte aber, dass die USA entschieden „einseitige Bemühungen“ ablehnten, den Status quo Taiwans zu ändern oder den Frieden und die Stabilität in der Taiwanstraße zu untergraben.  Damit bezog sich Biden auf die Drohungen der kommunistischen Führung mit einer Eroberung Taiwans zur „Wiedervereinigung“. Peking betrachtet Taiwan als Teil der Volksrepublik, während sich die 23 Millionen Einwohner zählende Inselrepublik als unabhängig ansieht. Biden hob nach Angaben des Weißen Hauses auch hervor, dass sich die USA unverändert an das Taiwan-Gesetz von 1979 (Taiwan Relations Act) gebunden fühlen, mit dem   haben. Unter Hinweis auf dieses US-Gesetz liefern die USA Waffen an Taiwan. Xi schlug beim Thema Taiwan einen harten Ton an. Taiwanische Unabhängigkeitsverfechter hätten wiederholt versucht, Beistand von den USA zu erhalten, zitierte die Nachrichtenagentur Xinhua den Staatschef. „Dieser Trend ist gefährlich und gleicht einem Spiel mit dem Feuer. Und jene, die mit dem Feuer spielen, werden verbrannt.“, sagte Xi demnach. Biden sprach bei dem Online-Gipfel auch die Menschenrechtslage in der Volksrepublik. Biden habe sich besorgt über Chinas Umgang mit der Minderheit der Uiguren in Xinjiang, die Unterdrückung der Demokratiebewegung in Hongkong, das Vorgehen in Tibet sowie über die Menschenrechte in China im Allgemeinen geäußert, teilte das Weiße Haus mit. Der US-Präsident habe auch deutlich gemacht, „dass die amerikanischen Arbeitnehmer und Industrien vor den unfairen Handels- und Wirtschaftspraktiken der Volksrepublik China geschützt werden müssen“. Die Videokonferenz dauerte rund dreieinhalb Stunden. Aus dem Weißen Haus hieß es, das sei länger als erwartet gewesen. Das Gespräch sei respektvoll und offen verlaufen. Die chinesische Regierung äußerte sich positiv zu dem Videogespräch. Das Treffen sei „weitreichend, tiefgehend, freimütig, konstruktiv, substanziell und produktiv“ gewesen, kommentierte Außenamtssprecherin Hua Chunying am Dienstag in einer ersten kurzen Reaktion über Twitter. „Es hilft, das gegenseitige Verständnis zu erweitern.“ Kurz zuvor war das rund dreieinhalbstündige Gespräch zu Ende gegangen. Beide Seiten hätten einen umfangreichen und eingehenden Austausch über die strategischen, grundlegenden und gesamten Themen der chinesisch-amerikanischen Beziehungen und wichtiger Fragen von gemeinsamem Interesse gehabt, berichtete das chinesische Staatsfernsehen. Online-Gipfel mit Chinas Staats- und Parteichef Xi Jinping sich die USA der Verteidigungsfähigkeit der Insel verpflichtet",tagesspiegel
Verschwundener chinesischer Tennisstar . Angebliche Nachricht von Peng Shuai weckt Zweifel – und mehrt Sorgen,no_author,"18.11.2021, 13:09 Uhr",https://www.tagesspiegel.de/gesellschaft/panorama/verschwundener-chinesischer-tennisstar-angebliche-nachricht-von-peng-shuai-weckt-zweifel-und-mehrt-sorgen/27812098.html,"Eine angebliche Mail der   hat bei der Spielerinnen-Organisation WTA erhebliche Zweifel geweckt und die Besorgnis um die 35-Jährige noch vergrößert. Chinas staatliches Auslandsfernsehen CGTN veröffentlichte in der Nacht zum Donnerstag auf Twitter eine Mail, die der Tennisstar selbst geschrieben haben und an den WTA-Chef Steve Simon geschickt haben soll. Die Berichte über sie, „einschließlich des Vorwurfs der sexuellen Nötigung“, seien „nicht wahr“, hieß es darin. Ihr gehe es gut. „Es fällt mir schwer zu glauben, dass Peng Shuai diese E-Mail, die wir bekommen haben, tatsächlich geschrieben hat“, reagierte WTA-Chef Simon. Die WTA und der Rest der Welt brauchten einen „unabhängigen und nachprüfbaren Beweis“, dass die Spielerin in Sicherheit sei.  Die Veröffentlichung durch chinesische Staatsmedien vergrößere seine Bedenken bezüglich ihrer Sicherheit und ihres Aufenthaltsorts. „Es muss Peng Shuai erlaubt werden, frei zu sprechen, ohne Zwang oder Einschüchterung jeglicher Herkunft“, sagte Simon. Er habe selbst wiederholt über verschiedene Wege „vergeblich“ versucht, den Tennisstar zu erreichen. Über den Verbleib von Peng Shuai wollte sich Chinas Außenministerium nicht äußern. „Das ist keine diplomatische Frage“, sagte Sprecher Zhao Lijian am Donnerstag vor der Presse. „Mir ist die genannte Situation nicht bekannt.“ An den Vortagen hatte der Sprecher schon darauf verwiesen, die Fragen an „zuständige Stellen“ zu richten. Zuvor hatten prominente Tennisspieler wie Naomi Osaka, Chris Evert oder Novak Djokovic ihre Sorge über ihre Kollegin geäußert. Peng Shuai hatte Anfang des Monats im sozialen Netzwerk Weibo Vorwürfe wegen eines sexuellen Übergriffs durch einen chinesischen Spitzenpolitiker veröffentlicht.  In dem Eintrag, der wenig später gelöscht wurde, wurde geschildert, dass sie über einen Zeitraum von zehn Jahren mit Unterbrechungen eine Beziehung mit dem verheirateten früheren Vizepremier Zhang Gaoli (75) gehabt habe. In dem Beitrag ist von Liebe und Zuneigung die Rede, aber auch von einem ungewollten sexuellen Übergriff - ohne dass Beweise vorgelegt werden könnten. Die Echtheit des Postings konnte nicht verifiziert werden. Seither ist Peng Shuai nicht mehr öffentlich gesehen worden. Auch streicht Chinas Zensur jede Debatte über den Fall. Suchen nach ihrem Namen oder nach #MeToo im chinesischen Internet sind geblockt. In dem Schreiben, das der Staatssender jetzt veröffentlichte, heißt es hingegen: „Ich werde nicht vermisst.“ Auch sei sie in Sicherheit. „Ich habe mich nur ein bisschen zu Hause erholt, und alles ist gut.“ Der Screenshot der Mitteilung weckte allerdings auch deswegen Misstrauen von Beobachtern, weil der Cursor im Text stand. Die Menschenrechtsorganisation China Human Rights Defenders (CHRD) teilte mit: „Die chinesische Regierung hat eine lange Vorgeschichte, willkürlich Menschen in kontroversen Fällen festzuhalten, ihre Fähigkeit zur freien Meinungsäußerung zu kontrollieren, und sie dazu zu bringen, erzwungene Erklärungen abzugeben.“ William Nee von CHRD wies auf die Anschuldigungen sexuellen Fehlverhaltens und Machtmissbrauchs: „Diese Vorwürfe sollten nicht zensiert werden, sondern eine unparteiische und faire Untersuchung auslösen.“  als verschwunden geltenden chinesischen Tennisspielerin Peng Shuai",tagesspiegel
Verschwundene Tennisspielerin Peng Shuai . IOC-Chef Thomas Bach lässt sich für Chinas Propaganda einspannen,no_author,"22.11.2021, 15:18 Uhr",https://www.tagesspiegel.de/meinung/verschwundene-tennisspielerin-peng-shuai-ioc-chef-thomas-bach-laesst-sich-fuer-chinas-propaganda-einspannen/27822578.html,"Thomas Bach hat  , eine halbe Stunde, per Video. Das genügte dem Präsidenten des Internationalen Olympischen Komitees (IOC) am Sonntag, um zu ermitteln: Hier gibt es nichts zu sehen. Der MeToo-Fall um die Tennisspielerin hat damit einen Tiefpunkt erreicht. Mit freundlicher Hilfe des deutschen IOC-Chefs hat die Kommunistische Partei Chinas (KPCh) den Propagandasieg errungen, den sie in diesem Moment brauchte. Peng Shuai hatte dem KPCh-Politiker Zhang Gaoli vorgeworfen, sie zum Sex genötigt zu haben. Nach der Veröffentlichung  , ihr Name wurde im chinesischen Internet zensiert. Erst als die internationale Aufmerksamkeit zu groß wurde, lancierten Chinas Staatsmedien zweifelhafte Belege für Pengs Wohlbefinden: eine angeblich von der 35-Jährigen verfasste E-Mail, Fotos mit unklarem Aufnahmezeitpunkt, Videos, die Peng in einem Restaurant und bei einem Jugendtennisturnier zeigen. Mit dem IOC hat sich nun aber auch eine mächtige nicht-staatliche Institution in die   einspannen lassen. Jeder, der sich nur ein wenig mit China beschäftigt hat, weiß, dass die Partei mit Vorliebe unter Zwang entstandene Videos und Anrufe als vermeintliche Beweise für das Wohlergehen gefangener oder überwachter Personen einsetzt. Human Rights Watch spricht daher nach dem IOC-Telefonat zurecht von einer „völlig neuen Form der Kollaboration“ mit Chinas Regierung. Der Frauentennisverband WTA hat derweil bewiesen, dass man trotz beträchtlicher Geschäftsinteressen in China standfest bleiben kann. WTA-Chef Steve Simon sagte, Videos seien gut, aber nicht genügend. Er droht, die WTA-Tour aus China zurückzuziehen. Das IOC erklärte sich nach dem Anruf „erleichtert“ –  . Nicht der Anruf selbst war falsch, sondern Bachs alibihafte Haltung. Ein Hohn, dass er Peng dann auch noch onkelhaft zum Essen einlud, wenn er im Januar nach Peking reist, wo im Februar die Winterspiele stattfinden. Wie leichtgläubig muss man sein, um zu glauben, alles gehe mit rechten Dingen zu, wenn eine berühmte Sportlerin, die einem KPCh-Politiker geschadet hat, erst verschwindet und dann strahlend erklärt, alles sei gut, man solle sie ihrer Privatsphäre zuliebe in Ruhe lassen? Bachs Leichtsinn erinnert an Franz Beckenbauers zynische Aussage, er habe beim Besuch des WM-Gastgeberlandes Katar  . Nicht nur Peking weiß, dass auch Thomas Bach bereit ist, politische Nichtangriffspakte einzugehen. Qua Amt hat er sich gründlich mit China befasst. Er ist also entweder naiv – oder es ist ihm egal. Beides ist eines IOC-Chefs unwürdig. mit Peng Shuai telefoniert verschwand die Athletin wochenlang von der Bildfläche KPCh-Propaganda als gehe es einzig darum, dass Peng lebt, Umstände egal „nicht einen einzigen Sklaven“ gesehen",tagesspiegel
Nach Verschwinden des Tennisstars . IOC-Präsident führt Videotelefonat mit Peng Shuai,no_author,"21.11.2021, 19:10 Uhr",https://www.tagesspiegel.de/sport/nach-verschwinden-des-tennisstars-ioc-praesident-fuehrt-videotelefonat-mit-peng-shuai/27819278.html,"Wochen nach dem Verschwinden des chinesischen   Peng Shuai hat IOC-Präsident Thomas Bach ein Videotelefonat mit der Spielerin geführt. Bach habe am Sonntag rund eine halbe Stunde mit der dreifachen Olympia-Teilnehmerin gesprochen, erklärte das Internationale Olympische Komitee. Sie sei „erleichtert zu sehen, dass es Peng Shuai gut ging, was unsere Hauptsorge war“, erklärte IOC-Vertreterin Emma Terho, die ebenfalls an dem Telefonat teilnahm. In den vergangenen Tagen hatte es international Besorgnis um Peng gegeben. Sie war nicht mehr in der Öffentlichkeit gesehen worden, nachdem sie am 2. November im Onlinedienst Weibo Vorwürfe gegen den ranghohen kommunistischen Parteifunktionär Zhang Gaoli erhoben hatte. Die 35-Jährige warf dem heute über 70-jährigen Ex-Vize-Ministerpräsidenten vor, sie in der Vergangenheit zum Sex gezwungen zu haben. Peng und Zhang hatten über Jahre eine Beziehung mit Unterbrechungen geführt. Pengs Vorwürfe gegen Zhang markierten eine Wende im öffentlichen Umgang mit sexuellem Missbrauch durch mächtige Männer in China. Die Me-Too-Bewegung hatte bis dahin die oberste politische Ebene der Volksrepublik nicht erreicht. Die meisten Chinesen dürften von Pengs Vorwürfen allerdings nichts erfahren haben. Zwar hatten Internetnutzer Screenshots von Pengs entsprechendem Weibo-Beitrag gemacht. Auch diese wurden aber von den Zensurbehörden gelöscht.  Am Samstag wurde dann – ebenfalls per Twitter – eine Videoaufnahme verbreitet, die Peng Shuai beim Abendessen mit Freunden in einem Pekinger Restaurant zeigen soll. „Dieses Video alleine ist nicht ausreichend“, hatte Steve Simon, Chef der internationale Damentennis-Organisation WTA, den Restaurant-Clip kommentiert. „Während es positiv ist, sie zu sehen, bleibt es unklar, ob sie frei ist und ihre eigenen Entscheidungen treffen kann.“ Es werde damit nicht klar, ob sie ohne Zwang handeln könne. Er sorge sich weiterhin um ihre Gesundheit und Sicherheit und darüber, dass ihr Vorwurf eines sexuellen Übergriffs offensichtlich zensiert werde, sagte Simon. Wegen der Affäre droht die WTA mit dem kompletten Rückzug der Tennis-Tour aus China. Weltweit wurde in den vergangenen Tagen Aufklärung im Fall der früheren Nummer eins der Doppel-Weltrangliste gefordert. Selbst das Weiße Haus unter US-Präsident Joe Biden äußerte sich „zutiefst besorgt“. Nach den USA und Frankreich forderte nun auch die britische Regierung China auf, „nachprüfbare Beweise“ für die „Sicherheit und den Verbleib“ der chinesischen Tennisspielerin Peng Shuai zu liefern. „Wir sind extrem besorgt über das Verschwinden von Peng Shuai und verfolgen die Angelegenheit genau“, erklärte das britische Außenministerium am Samstag in London. Zugleich betonte es das Recht, sich frei zu äußern. „Jedem sollte es erlaubt sein, sich ohne Furcht vor den Auswirkungen zu äußern“, hieß es in der Erklärung des Außenministeriums. „Jeder gemeldete Fall sexueller Übergriffe, egal wo in der Welt, untersucht werden.“   Tennisstars Bereits am Freitagabend hatte das chinesische Staatsfernsehen auf Twitter angeblich aktuelle Fotos des Tennisstars verbreitet.  In drei Monaten sollen in Chinas Hauptstadt Peking die Olympischen Winterspiele beginnen.",tagesspiegel
Virtuelles Treffen der Staatschefs . Biden kündigt vor Gespräch mit Xi „harten Wettbewerb“ mit China an,no_author,"15.11.2021, 09:18 Uhr",https://www.tagesspiegel.de/politik/virtuelles-treffen-der-staatschefs-biden-kuendigt-vor-gespraech-mit-xi-harten-wettbewerb-mit-china-an/27800196.html,"US-Präsident   setzt nach Angaben des Weißen Hauses im Umgang   auf einen „harten Wettbewerb“, will einen offenen Konflikt aber verhindern. Diesen Kurs werde Biden in einer Videokonferenz mit Chinas Staatspräsident Xi Jinping am Montagabend vertreten, kündigte eine ranghohe Beamtin des Weißen Hauses in Washington an. Die USA erwarteten, dass sich China an internationale Normen halte. „Die Vereinigten Staaten und die   befinden sich in hartem Wettbewerb. Und wir glauben, dass intensiver Wettbewerb auch intensiver Diplomatie bedarf“, sagte die Beamtin. Bei dem Treffen solle es daher darum gehen, den Kurs der US-Regierung klarzumachen, „um Missverständnisse zu vermeiden“. Dabei werde Biden auch strittige Themen wie den Konflikt mit Taiwan, die Menschenrechte und Pekings Verhalten in bestimmten Wirtschafts- und Technologiesparten „sehr direkt und offen“ ansprechen. Bei der Videokonferenz werden aus Sicht des Weißen Hauses keine konkreten Ergebnisse erwartet. Vielmehr soll es darum gehen, die Kanäle der Kommunikation und Diplomatie offen zu halten. Ziel sei es, „dass Wettbewerb nicht zu Konflikt führt“, so die Beamtin.  Joe Biden mit China Volksrepublik China",tagesspiegel
Ein Jahrhundert China und mehr . Aufzeichnungen aus einem Erdloch,Gregor Dotzauer,"22.11.2021, 18:57 Uhr",https://www.tagesspiegel.de/kultur/ein-jahrhundert-china-und-mehr-aufzeichnungen-aus-einem-erdloch/27823778.html,"Wie man ein Leben und seine Zeit erzählt, ist immer wieder von Neuem tektonischen Verschiebungen unterworfen. Die Geschichte der Volksrepublik China, in der  , lässt sich unterteilen in die ersten 30 Jahre nach der Gründung 1949, Jahre bitterer Hungersnöte und grausamer politischer Kämpfe, und die mittlerweile 40, in denen sich das Land nach dem Tod Mao Zedongs öffnete und seinen beispiellosen Aufstieg zur ökonomischen Weltmacht vollzog.  Ais persönliche Geschichte wiederum hat ihren Wendepunkt in jenen 81 Tagen, in denen ihn die Staatssicherheit 2011 auf dem Gelände seines Ateliers in Caochangdi im Nordosten Pekings entführte und in ein geheimes Gefängnis verschleppte.  Was den endgültigen Abschied von seinem Land einleitete, weitete ihm zugleich den Blick auf das gesamte chinesische Jahrhundert und eine Vergangenheit, die ihm lange so fremd geblieben war wie der eigene Vater. Ai Weiwei hatte zusammen mit der Filmcutterin Wang Fen mittlerweile selbst einen Sohn, Ai Lao, und die Haft und die täglichen Verhöre brachten ihn dazu, sein Schicksal als   zu verstehen, die sein Vater erdulden musste.  Der berühmte Dichter Ai Qing, 1910 in der Provinz Zhejiang geboren, saß erst als Kommunist unter Chiang Kai-sheks nationalistischer Guomindang-Regierung im Gefängnis; später, 1957, wurde er nach sanfter Kritik an Maos „Hundert-Blumen-Bewegung“ als Rechtsabweichler in die Verbannung geschickt und mit Publikationsverbit belegt. Erst 1979 wurde er rehabilitiert. Wie sich all diese Zeitschichten in Ai Weiweis Erinnerungen „1000 Jahre Freud und Leid“ überlappen und das Persönliche dem Historischen Stichworte liefert und umgekehrt, ist ein einzigartiges Zeugnis. Halb reich verästelte Chronik eines Landes, das mit der Qing-Dynastie das Kaiserreich hinter sich ließ und nach zahllosen inneren und äußeren Konflikten auf seine Variante des Kommunismus zusteuerte. Halb Vaterbuch, und das gleich doppelt: als ein Stück nachträglicher Gerechtigkeit für den 1996 gestorbenen Ai Qing und als Liebeserklärung und Auftrag an Ai Lao: „Seine Zustimmung wird der letzte Maßstab dafür sein, ob sich meine Bemühungen ausgezahlt haben.“  Man folgt den oft beklemmenden Geschehnissen mit angehaltenem Atem. Und man erfährt nuancierter als je zuvor, was den oft allzu plakativen, in pure Masse und Größe verliebten Aktionskünstler Ai Weiwei zu dem gemacht hat, der er ist. Er spricht von universalen Erfahrungen, doch wenn er sich etwa für die Flüchtlinge auf Lesbos einsetzt, dann schlägt in ihm nicht das schlechte Gewissen eines verwöhnten Westlers.  In ihm erwacht das viel urtümlichere Ethos des Zehnjährigen, der den Vater während der Kulturrevolution 14 Monate an den finstersten Ort der Umerziehung begleitete: ein Erdloch in einer zu Recht Klein-Sibirien genannten Region von Xinjiang am Rand der Wüste Gurbantünggüt, wo Ai Qing schließlich Latrinen putzen musste. Er tat es – Ai Weiwei schildert die Umstände schmerzhaft genau – mit bewundernswertem Stoizismus. Diese Passagen gehören zu den bewegendsten des Buches, weil sie erklären, woher Ai Weiweis Zähigkeit, Willenskraft und Mut kommen. Eine ganz und gar nicht beneidenswerte Abhärtung der Seele, die ihn wohl auch befähigte, die inquisitorischen Monate in seinem Pekinger Stasi-Gefängnis als Bewährungsprobe anzusehen, die ihn nicht zerbrechen konnte: Wie er überdies seinerseits die eigenen Wächter in ein Gespräch zu verwickeln suchte, war vielleicht bloßer Instinkt, half ihm in der Isolation aber nicht weniger.  Die Szenen aus Xinjiang erklären aber auch, woraus sich Ais Weiweis störrischer Widerstandsgeist speist, an dessen Unberechenbarkeit bisher noch jedes seiner Exilländer gescheitert ist: Auch in Berlin, wo er von 2015 an vier Jahre lang lebte, wollte er kein dankbarer Muster-Dissident sein. Nach einem Zwischenaufenthalt in England hat er neuerdings in Portugal ein neues Zuhause gefunden.  Ais Installationen und Filme, deren Genese und Verbreitung in aller Welt sich hier auch nachlesen lässt, waren immer kollektive Unternehmungen. Ohne sein Team hätte er sie nicht zustande gebracht. Das ist, und er macht daraus kein Hehl, bei „1000 Jahre Freud und Leid“ nicht anders – auch wenn sich die einzelnen Schichten dieses packenden, mit eigenen Zeichnungen illustrierten Memoirs kaum mehr entwirren lassen.  Einen Teil hat Ai Weiwei offenbar auf Band gesprochen, einen Teil geschrieben. Zur zuverlässig recherchierten historischen Informationsdichte haben aber wohl andere beigetragen – und zur dramaturgischen Gestaltung des englischen Originals, das nun in 14 Sprachen gleichzeitig übersetzt worden ist, mindestens vier Lektorinnen in zwei Stufen. Überzeugend ist, dass dennoch ein   entstanden ist, in dem man jederzeit Ai Weiweis Stimme zu hören meint.  Wo er sich selbst erinnern kann, etwa an seine 13 prägenden Jahre in den USA, ist das bestes dokumentarisches Handwerk im Zusammenspiel aller Kräfte: auch ohne literarischen Ehrgeiz flüssig und elegant geschrieben, mit einer Vielzahl pointierter Beobachtungen und überraschender Bemerkungen.  Mindestens so interessant ist, dass ausgerechnet das, was dem Buch im ersten Drittel seine Wucht verleiht, die Würdigung des Vaters, weitgehend außerhalb des eigenen Erinnerungsvermögens liegt. Es setzt sich zusammen aus erzählerisch geschickt animierten chinesischen Studien sowie Ai Qings ausführlich zitierten und interpretierten Gedichten, deren Direktheit der Sohn als authentische Lebensauskünfte heranzieht: Eine schöne Auswahl der Poesie ist, übersetzt und hilfreich kommentiert von Susanne Hornfeck, parallel in einem eigenen Band bei Penguin erschienen: „Schnee fällt auf Chinas Erde“. Nichtsdestoweniger sind die latent fiktionalen Anteile da am höchsten, wo er dem Vater am nächsten zu kommen versucht. Es ist nicht so, dass Ai Weiweis Herkunft zuvor im Dunkeln lag. Aber er leuchtet hier in Ecken, die zumindest westlichen Leserinnen und Lesern unbekannt waren. So wird, ohne dass er ihm jemals begegnet wäre, auch der Großvater lebendig. In seinem Dorf, in dem er einen Laden für Sojasoße und einen Laden mit Importwaren betrieb, galt er als gebildeter, ja verwegen fortschrittlicher Mann. Er las Zeitungen und Bücher, schnitt sich früh den Zopf ab, der als Zeichen der hanchinesischen Unterwerfung unter die Mandschu galt und zwang die Frauen seiner Familie nicht mehr, sich die Füße zu binden.  Ai Qing, der 1929 für eine Weile nach Paris ging, um dort zu studieren, hatte also die besten Voraussetzungen, eine kosmopolitische Haltung zu entwickeln. Er begeisterte sich für Wladimir Majakowski und Walt Whitman, mit dem Chilenen Pablo Neruda verband ihn sogar eine Freundschaft. Aus einem Gedicht Ai Qings stammt auch der Titel des Buchs: „Von tausend Jahren Freud und Leid / blieb keine Spur zurück. // Ihr, die ihr lebt, lebt in der Fülle, / hofft nicht, dass die Erde Erinnerungen bewahrt.“ Ai Weiwei antwortet darauf mit einer Anstrengung, die sich selbst überflüssig machen will. Er hat niedergeschrieben, „woran ich mich lieber nicht erinnert hätte, denn diese Erinnerungen sind es, die mir helfen zu vergessen.“ Er will schon deshalb nicht das letzte Wort haben, weil er nicht das letzte Wort haben kann. „Meine Vergangenheit und meine Gegenwart“, schreibt er, „haben sich voneinander gelöst, wie das Skelett eines toten Tiers, dessen Knochen längst nicht mehr von Gewebe zusammengehalten werden, und mir fällt es trotz größter Bemühungen immer noch schwer, die Gesamtheit meiner Erfahrungen darzustellen.“  Wozu auch? Andere wie sein Sohn Ai Lao werden, so wenig sie enthalten, „was allein mir gehört“, das Ihre dazu beitragen. Nun gehören diese Erinnerungen auch uns, und es wäre mehr als ein Versäumnis, wenn wir sie nicht auf unsere Art weitererzählen würden.  Ai Weiwei 1957 zur Welt kam Fortsetzung der Verfolgung hochgradig persönliches Buch",tagesspiegel
Vor Videogipfel von Biden und Xi . USA und China warnen sich gegenseitig im Konflikt um Taiwan,no_author,"14.11.2021, 09:12 Uhr",https://www.tagesspiegel.de/politik/vor-videogipfel-von-biden-und-xi-usa-und-china-warnen-sich-gegenseitig-im-konflikt-um-taiwan/27798178.html,"Vor dem mit Spannung erwarteten Videogipfel   haben beide Seiten Warnungen in Bezug auf den Konflikt mit Taiwan ausgesprochen.  US-Außenminister Antony Blinken habe im Gespräch mit seinem chinesischen Amtskollegen Wang Yi ""seine Besorgnis über den anhaltenden militärischen, diplomatischen und wirtschaftlichen Druck der Volksrepublik China auf Taiwan geäußert"", erklärte das Außenministerium am Samstag (Ortszeit). Wang warnte Washington vor Aktionen, die den Anschein erwecken könnten, die ""Unabhängigkeit Taiwans"" zu unterstützen. Blinken und Wang sprachen nach Angaben des US-Außenministeriums am Freitag in Vorbereitung auf den Videogipfel am Montag. Der US-Vertreter forderte demnach, dass sich Peking an einem konstruktiven Dialog beteilige, um die Taiwan-Frage ""friedlich und in einer Weise zu lösen, die mit den Wünschen und Interessen der Menschen auf Taiwan übereinstimmt"". Wang warnte die USA indessen vor einer Einmischung in den Konflikt, wie aus einem am Samstag von Peking veröffentlichten Gesprächsbericht hervorgeht: ""Jegliche Duldung und Unterstützung der 'taiwanischen Unabhängigkeitsbewegung' untergräbt den Frieden in der Formosastraße und würde sich am Ende als Bumerang erweisen"", betonte er. Biden und Xi werden am Montag ihr virtuelles Gipfeltreffen abhalten. Bei der Videokonferenz werde es um einen ""verantwortungsvollen"" Umgang mit dem ""Wettbewerb"" zwischen beiden Ländern gehen, erklärte Biden-Sprecherin Jen Psaki am Freitag. Zugleich solle über Möglichkeiten der Zusammenarbeit bei Themen von gegenseitigem Interesse gesprochen werden. Die Spannungen zwischen den beiden größten Volkswirtschaften der Erde hatten zuletzt besonders mit Blick auf Taiwan erheblich zugenommen. Die Regierung in Peking sieht die Insel als abtrünnige Provinz, die notfalls auch mit militärischer Gewalt wieder mit dem Festland vereinigt werden soll. Die USA stellten sich zuletzt  . Auch in Handelsfragen, wegen der Menschenrechtslage in China und dem Umgang mit Hongkong hatte es in den vergangenen Jahren immer wieder Streit zwischen Peking und Washington gegeben. Biden sieht das wirtschaftlich und militärisch aufstrebende China als größte geopolitische Herausforderung des 21. Jahrhunderts an und will der Regierung in Peking entschieden entgegentreten. Zugleich sucht er die Zusammenarbeit bei Themen wie dem Klimaschutz.  zwischen US-Präsident Joe Biden und Chinas Staatschef Xi Jinping demonstrativ hinter die Regierung in Taipeh",tagesspiegel
Tennisspielerin Peng Shuai . Sportlervereinigung attackiert das Internationale Olympischen Komitee,no_author,"22.11.2021, 12:01 Uhr",https://www.tagesspiegel.de/sport/tennisspielerin-peng-shuai-sportlervereinigung-attackiert-das-internationale-olympischen-komitee/27821856.html,"Die Mitteilung des Internationalen Olympischen Komitees über eine   Bachs mit der Chinesin mache „das IOC mitschuldig an der bösartigen Propaganda der chinesischen Behörden und deren mangelndem Interesse an grundlegenden Menschenrechten und Gerechtigkeit“, teilte die Athleten-Union am Montag mit.  hatte Anfang November im sozialen Netzwerk Weibo Vorwürfe wegen eines sexuellen Übergriffs durch einen chinesischen Spitzenpolitiker veröffentlicht. Danach war sie zunächst nicht mehr in der Öffentlichkeit gesehen worden. Das IOC hatte am Sonntag mitgeteilt, Bach habe ein Videotelefonat mit der Tennisspielerin geführt. Diese habe erklärt, sie sei in Sicherheit. Global Athlete indes betonte, dass eine Videoschalte  , dass Peng Shuai sicher und wohlauf sei. In der Stellungnahme des IOC werde nicht erwähnt, dass die 35-Jährige Vorwürfe wegen sexuellen Missbrauchs erhoben habe und zwei Wochen verschwunden gewesen sei. Mit seiner Einladung zum Abendessen an Peng Shuai habe Bach die „todernste Situation verspottet, die leider zu vielen weiblichen Athleten sehr vertraut ist“. Die Sportlervereinigung erneuerte ihre Forderung, Chinas Olympisches Komitee zu suspendieren, bis Peng Shuai eine sichere Ausreise aus China ermöglicht werde und ihre Vorwürfe Gegenstand einer Untersuchung würden. Mit seiner Haltung in der Sache habe das IOC erneut bewiesen, dass es „Athleten im Stich lässt, an der Seite von gewaltsamen autoritären Regimen steht und Menschenrechte ignoriert“, hieß es in der Stellungnahme von Global Athlete. Für das IOC hat der Fall zusätzliche Brisanz, da Chinas Hauptstadt Peking im Februar Gastgeber der Olympischen Winterspiele ist.  Video-Schalte Peng Shuai keineswegs garantiere",tagesspiegel
Kohl und Kulturrevolution . Das Glück in Zeiten des Verrats,Gregor Dotzauer,"04.11.2021, 16:20 Uhr",https://www.tagesspiegel.de/kultur/kohl-und-kulturrevolution-das-glueck-in-zeiten-des-verrats/27770270.html,"Städte sind eigentümliche Gebilde. Schwer zu fassen in ihrer Gegenwart und unberechenbar in den Ablagerungen, die sie in ihren Bewohnern hinterlassen. An der Grenze von äußerer und innerer Welt bilden sie ein Konglomerat von Wegen und Plätzen, Erlebnissen und Sinneseindrücken, deren Stränge und Schichten allenfalls die Erinnerung entwirrt. So gründlich überschrieben, ja ausgelöscht das Peking von Bei Daos Kindheit und Jugend ist, verweigert es sich aber auch im Nachhinein jedem Panoramablick. Die farbige Fülle, in der es der 1949, zwei Monate vor der Gründung der Volksrepublik China geborene Lyriker und Essayist, in „Das Stadttor geht auf“ noch einmal erstehen lässt, speist sich aus geradezu beschwörerisch aufgerufenen Einzelheiten.  Trotz dörflicher Strukturen war Peking mit über vier Millionen Einwohnern schon damals eine große Stadt, auch wenn sie wie die heutige 20-Millionen-Megacity noch nicht in den Himmel und über die inneren Ringstraßen hinaus gewachsen war. Und: Es war eine Stadt des Hungers und der Armut. Als Bei Dao 2001 nach 13, im Exil zwischen Europa und den USA verbrachten Jahren, zum ersten Mal zurückkehrte, um seinen sterbenden Vater zu besuchen, erkannte er die Stadt, die er verlassen hatte, kaum wieder.  Dennoch hat Bei Daos autobiografische Prosa weniger Beschönigendes oder Verklärendes als Exorzistisches. Er beschloss, „das geschriebene Wort einzusetzen, um eine andere Stadt, um mein Peking wiederaufzubauen“. In der Stadt, die einmal die seine war, „sollte die Zeit rückwärtslaufen“, in der Hoffnung, dass sich im „Irrgarten des Gedächtnisses“ mit jedem Tunnel ein weiterer Tunnel öffne. Schon die ersten drei Kapitel, überschrieben mit „Licht und Schatten“, „Gerüche“ und „Klänge“ tun dies  , das man nicht als bloßes Beiwerk der politischen Umbrüche abtun sollte, von denen umgeben er aufwuchs. Bei Dao löst sie als sinnliche Konzentrate aus einem Geschehen heraus, das der historischen Vogelperspektive in der Regel unzugänglich ist.  Die Lampions, mit denen die Fahrradfahrer unterwegs waren, bevor dynamobetriebene Leuchten aufkamen. Die Sanftheit der einsamen Glühbirnen an den Küchentischen und das Aggressive des späteren Neonlichts. Der faulige Geruch von getrocknetem Kohl, mit dem die Familien über den Winter zu kommen versuchten. Das Trappeln der Esel, die Nacht für Nacht zum Zoo getrieben werden, um den wilden Tieren zum Fraß vorgeworfen zu werden.  Bei Dao erzählt aus einer subjektiven, stark fragmentierten, mitunter sprunghaften Sicht, in der auch das bittere und blutige   nach 1966, in der Volksrepublik ohnehin stark tabuisiert, ganz aus den alltäglichen Rangeleien, Intrigen und Demütigungen evoziert wird, an denen er sich als junger Rotgardist denunziatorisch beteiligte. Wer die größeren Zusammenhänge verstehen will, muss sich anderweitig informieren. Dennoch hätten fürs erste auch hier ein Glossar oder Anmerkungen wertvolle Dienste geleistet.  Seine Zurückhaltung, was historische Urteile betrifft. mag einen Grund darin haben, dass er, mittlerweile in Hongkong beheimatet und in Peking geduldet, gegenüber den Behörden stillhalten muss: Das chinesische Original dieses Buches ist aus gutem Grund in der Hongkonger Oxford University Press erschienen, bevor es Jeffrey Yang 2017 zunächst ins Englische übersetzte. Entscheidender ist, dass er alles Politische im engeren Sinn am liebsten vom Literarischen fernhalten würde. Er verfügt eher über einen Integritätskompass, an den er sich zumal in jüngeren Jahren unmissverständlich rebellisch hielt. Die Demonstrierenden, die sich 1989 nach dem Tod des kommunistischen Reformers Hu Yaobang zu blutig niedergeschlagenen Massenprotesten auf dem Tiananmen-Platz versammelten, fanden in seinem Gedicht „Die Antwort“ jedenfalls willkommene Stichworte: „Gemeinheit, so lautet der Passierschein der Gemeinen, / Edelmut, so lautet die Grabinschrift der Edelmütigen“.  In wenigen Zeilen steigert es sich zu einer Verleugnung alles Bestehenden: „Ich sage dir, Welt / Ich – glaube – nicht!“ Bei Dao hatte das Gedicht 1976 nach dem sogenannten Tiananmen-Zwischenfall geschrieben, bei dem auf dem Platz des Himmlischen Friedens Tausende um den verstorbenen Premierminister Zhou Enlai trauerten: Mit ihm verband sich die Hoffnung auf eine liberalere Politik als diejenige des ein halbes Jahr später gestorbenen Mao Zedong.  Bei Dao staunte nicht schlecht, als dieses für seine Verhältnisse selten deutliche Gedicht 13 Jahre später zu neuen Ehren gelangte, just in den Monaten, als er sich fernab von Peking mit einem dreimonatigen DAAD-Stipendium in Berlin aufhielt. Von alledem ist so wenig die Rede wie von seinem seinerzeitigen Engagement für den Dissidenten Wei Jingsheng – oder auch von „Jintian“ (Heute), der ersten nichtoffiziellen Literaturzeitschrift der Volksrepublik, die er im Dezember 1978 mitgründete. Zwei Jahre später wurde sie zwangseingestellt. „Das Stadttor geht auf“ blättert, mit kursorischen Ausflügen in die Jahre der Rückkehr nach Hongkong und Peking, im Wesentlichen die Geschichte des kleinen Zhao Zhenkai auf, bevor ihm Freunde den Künstlernamen Bei Dao (Nördliche Insel) gaben. Man lernt den Spross einer privilegierten Familie in einer Zeit des brutalen Mangels kennen. Er wächst vom achten Lebensjahr an in der Sanbulao-Gasse auf, einem heute noch bestehenden Hutong unweit des Houhai, des Hinteren Sees im Bezirk Xicheng, und kann die angesehensten Schulen der Stadt besuchen.  Eindringlich widmet sich Bei Dao seinen beiden Geschwistern, Freunden und Verwandten. Er schildert, wie die in der Dachkammer verschlossenen Bücher seines Vaters zu seiner literarischen (und in der Form eines Handbuchs der Frauenheilkunde erotischen) Initiation führten, ehe sämtliche Schätze den Flammen der Kulturrevolution geopfert werden mussten.  Man erfährt von seinen ersten dichterischen Versuchen. Und man nimmt teil am Schicksal von Tante Qian, der analphabetischen Haushälterin, für die er eine Weile das Briefeschreiben übernahm. Als Beweis kapitalistischer Lebensweise darf sie nicht bleiben, scheitert mit einem Eheversuch und gerät in tiefes Elend: 1982 besucht sie Bei Dao hinter einem trostlosen Bretterverschlag in ihrer Heimatstadt Yangzhou. Auskünfte über sein dichterisches Selbstverständnis bleiben ausgespart: Sie finden sich zum Teil schon in dem Essayband „Gottes chinesischer Sohn“. Unabhängig davon scheint er von seinem Weg zum bekanntesten, sogar für den Nobelpreis nominierten Kopf der sogenannten Nebeldichtung nicht mehr viel wissen zu wollen.  Die „menglong shi“, wie sie Ai Weiweis Vater, der Dichter Ai Qing, noch verächtlich nannte, bevor die nachfolgende Generation den Begriff positiv besetzte, war eine heterogene Bewegung, die allenfalls ein Hang zum Hermetismus vereinte, der sich offiziellen Sprecherwartungen bewusst widersetzte. Fünf auf Deutsch vorliegende, wie das „Stadttor“ von Wolfgang Kubin übersetzte Bände, zuletzt „Das Buch der Niederlage“, zeugen von der ureigenen Schönheit und  .  Kubins nicht zum ersten Mal geführte Nachwortklage, schon die dialektalen Einsprengsel des „Stadttors“ hätten ihn an seine Grenzen gebracht, vermittelt indes einen Eindruck davon, um wieviel rätselhafter die Gedichte sind: Zu ihrer erratischen Assoziationslust kommt eine grammatikalische Vieldeutigkeit, mit der das Chinesische als nichtflektierende Sprache besonders elegant spielen kann. Seinen literarischen Reiz hat „Das Stadttor geht auf“ als Peking-Elegie. Seinen mentalitätsgeschichtlichen Wert hat es als Dokument einer verschwindenden Generation, deren Traumata doch noch das wirtschaftlich entfesselten China von heute prägen. Es ist nicht von ungefähr ein Vaterbuch, in dem Bei Dao sich eingestehen muss, dass er, der Ketzer, auch einen in seiner Familie und Kultur eingewurzelten Tyrannen in sich trägt.  Der während der Hundert-Blumen-Bewegung zum Rechtsabweichler abgestempelte und verbannte Vater ist auch der zentrale Bezugspunkt von Ai Weiweis gerade erschienenen Erinnerungen „1000 Jahre Freud und Leid“. Es hat ihn nur zu einem anderen gemacht als Xi Jinping, dessen Vater Xi Zhongxun auch in die Mühlen der Kulturrevolution geriet. Die Söhne haben eine Weile gebraucht, um sich dieses Erbes bewusst zu werden. Es ist nun an den Enkeln, etwas daraus zu machen.  mit einem dichterischen Sensorium Jahrzehnt der Kulturrevolution Gedanklichkeit dieser Lyrik",tagesspiegel
„No Beijing 2022“ . NBA-Profi Enes Kanter fordert Olympia-Boykott,no_author,"02.11.2021, 11:40 Uhr",https://www.tagesspiegel.de/sport/no-beijing-2022-nba-profi-enes-kanter-fordert-olympia-boykott/27759880.html,"Kritik an seiner Kritik ist Basketball-Profi Enes Kanter gewohnt - und lässt sich seit Jahren dennoch nicht von seinem Kurs abbringen. Der 29 Jahre alte NBA-Profi von den Boston Celtics hat es sich mit seinen Äußerungen  und postete erst vor zwei Wochen das Foto eines türkischen Haftbefehls gegen sich auf Twitter. Schon seit 2017 soll sein türkischer Pass eingezogen sein, Kanter gilt als staatenlos. Nun aber hat sich der Teamkollege von Nationalspieler Dennis Schröder neue Ziele ausgesucht: China, den chinesischen Präsidenten Xi Jinping, die anstehenden Winterspiele in Peking und Nike. Die Vorwürfe reichen von Menschenrechtsverletzungen bis hin zum Profit von „moderner Sklaverei“. Seit dem 20. Oktober - dem Tag an dem die Celtics ihr erstes Spiel der neuen NBA-Saison hatten - hat Kanter neun Tweets abgesetzt. Zuletzt postete er am Samstag und schrieb der chinesischen Regierung und dem „unsicheren Tyrannen“ Xi Jinping dürfe die Gastgeberrolle für die Olympischen Winterspiele nicht gestattet werden. Dazu veröffentlichte er Fotos seiner Basketballschuhe in einem speziellen Design - unter anderem mit den Slogans „Kein Peking 2022“, „Keine Rechte - Keine Spiele“ und „Verschiebt die Spiele“. Nike wirft er vor, sich in den USA zwar für die Rechte von Minderheiten einzusetzen, nicht aber in China. Angefangen hat die Serie mit einem  . Das Verhalten sorgte in China umgehend für scharfe Reaktionen - mal wieder. Belehrungen des Westens über die Menschenrechtslage werden von der Pekinger Regierung nicht geduldet. Noch während des Spiels, in dem der NBA-Star die Schuhe mit dem Tibet-Slogan trug, brach der chinesische Internetdienst Tencent die Übertragung ab. Millionen von Fans in China konnten das Spiel plötzlich nicht mehr verfolgen. Kritik an Tencent war in Chinas streng zensierten sozialen Medien im Anschluss jedoch nicht zu finden. Stattdessen wird Kanter dort seit Tagen von zahllosen Usern beschimpft und aufgefordert, sich beim chinesischen Volk zu entschuldigen. Auch das Außenministerium in Peking äußerte sich zu dem Fall und warf dem Sportler vor, nur Aufmerksamkeit erregen zu wollen. Es ist nicht das erste Mal, dass die NBA wegen eines politischen Statements in China ins Kreuzfeuer gerät. Daryl Morey, damals Manager der Houston Rockets und inzwischen für die Philadelphia 76ers verantwortlich, hatte vor zwei Jahren auf Twitter kurzzeitig ein Bild mit den Worten „Fight for Freedom - Stand with Hong Kong“ („Kämpft für die Freiheit, unterstützt Hongkong“) veröffentlicht. Der chinesische Basketballverband beendete daraufhin die Zusammenarbeit mit dem NBA-Team, chinesische TV-Sender ignorierten einige Partien. Begegnungen der 76ers werden nicht ausgestrahlt in China. Gar keinen Spaß versteht die chinesische Führung, wenn westliche Sportler oder Aktivisten zu einem Boykott der anstehenden Winterspiele in Peking aufrufen. Jeglicher Boykott werde eine „deutliche Reaktion“ Chinas zur Folge haben, warnte ein Sprecher des Außenministeriums bereits im April. Kanter weiß also, mit wem er sich da jetzt anlegt. Doch Drohungen haben den Center auch in der Vergangenheit nicht zum Schweigen gebracht. Angstfrei ist der 29-Jährige deswegen aber nicht. Mehrfach berichtete er von der Sorge, außerhalb der USA umgebracht zu werden für seine Kritik an Erdogan. 2019 verzichtete er deswegen auf Reisen nach England und Kanada mit seinem damaligen Team, den Portland Trail Blazers. In seinem Tweet vom 24. Oktober schrieb Kanter aber auch, gerichtet an die Xi Jinping und die Kommunistische Partei Chinas: „Ich werde mich NIEMALS dafür entschuldigen, die Wahrheit zu sagen. Ihr könnt mich NICHT kaufen. Ihr könnt mich NICHT verschrecken. Ihr könnt mich NICHT zum Schweigen bringen.“  schon vor langer Zeit mit dem türkischen Präsidenten Recep Tayyip Erdogan verscherzt Appell für die Freiheit Tibets, in dem Kanter Xi Jinping einen „brutalen Diktator“ nannte",tagesspiegel
Noch kein konkretes Datum . Biden und Xi wollen sich am Montag virtuell treffen,no_author,"12.11.2021, 19:03 Uhr",https://www.tagesspiegel.de/politik/noch-kein-konkretes-datum-biden-und-xi-wollen-sich-am-montag-virtuell-treffen/27796464.html,"US-Präsident Joe Biden und Chinas Staatspräsident Xi Jinping wollen am Montag zu einer mit Spannung erwarteten Videoschalte zusammenkommen. Das Gespräch sei für Montagabend Washingtoner Zeit geplant, teilte das Weiße Haus am Freitag mit. Ein virtuelles Treffen dieser Art war schon vor mehreren Wochen in Aussicht gestellt worden. Ein konkretes Datum dafür gab es bislang jedoch nicht. Die Beratungen der beiden Staatsoberhäupter per Video fallen in eine Zeit schwerer Spannungen zwischen den USA und China. Das Weiße Haus teilte mit, die beiden wollten diskutieren, wie der Wettbewerb ihrer Länder auf verantwortungsvolle Weise zu gestalten sei.  Bei der Videokonferenz werde es um einen ""verantwortungsvollen"" Umgang mit dem ""Wettbewerb"" zwischen beiden Ländern gehen, erklärte Biden-Sprecherin Jen Psaki am Freitag. Zugleich solle über Möglichkeiten der Zusammenarbeit bei Themen von gegenseitigem Interesse gesprochen werden. ""Präsident Biden wird die Absichten und Prioritäten der USA klar machen und unsere Bedenken bezüglich der Volksrepublik China klar und offen ansprechen"", erklärte Psaki weiter. US-Medien hatten bereits am Donnerstag berichtet, der Video-Gipfel zwischen Biden und Xi werde voraussichtlich am Montag stattfinden. Die Spannungen zwischen den beiden größten Volkswirtschaften der Erde hatten zuletzt besonders mit Bezug auf Taiwan erheblich zugenommen. Die Regierung in Peking sieht die Insel als abtrünnige Provinz, die notfalls auch mit militärischer Gewalt wieder mit dem Festland vereinigt werden soll. Die USA stellten sich zuletzt demonstrativ hinter die Regierung in Taipeh. Auch in Handelsfragen, wegen der Menschenrechtslage in China und dem Umgang mit Hongkong hatte es in den vergangenen Jahren immer wieder Streit zwischen Peking und Washington gegeben.  Am Mittwoch sorgte dann allerdings ein Ankündigung der beiden Länder am Rande der Weltklimakonferenz in Glasgow für Aufsehen. Die beiden weltgrößten Treibhausgasemittenten gelobten darin, künftig beim Klimaschutz zusammenarbeiten zu wollen. Biden sieht das wirtschaftlich und militärisch aufstrebende China als größte geopolitische Herausforderung des 21. Jahrhunderts an und will der Regierung in Peking entschieden entgegentreten. Zugleich sucht er die Zusammenarbeit bei Themen wie dem Klimaschutz. ",tagesspiegel
COP26 in Glasgow . USA und China verkünden überraschend Vereinbarung für mehr Klimaschutz,Susanne Ehlerding,"11.11.2021, 10:38 Uhr",https://www.tagesspiegel.de/politik/cop26-in-glasgow-usa-und-china-verkuenden-ueberraschend-vereinbarung-fuer-mehr-klimaschutz/27788354.html,"e   Die beiden größten Treibhausgasemittenten der Welt, China und die USA, haben   eine Vereinbarung   geschlossen. Das gab der chinesische Klimagesandte Xie Zhenhua am Mittwochabend in Glasgow bekannt. ""Beide Seiten erkennen an, dass es eine Kluft zwischen den gegenwärtigen Bemühungen und den Zielen des Pariser Klimaabkommens gibt"", sagte Xie mit Blick auf die drohende Erderwärmung von 2,7 Grad. Daher würden beide Länder gemeinsam den Klimaschutz stärken, fügte Xie hinzu. Dazu enthalte die Vereinbarung ""konkrete Pläne"". Die Vereinbarung war demnach in den vergangenen zehn Monaten in 30 Online-Treffen von Vertretern beider Länder ausgearbeitet worden. ""Als die zwei großen Mächte in der Welt müssen wir die Verantwortung übernehmen, mit anderen Seiten bei der Bekämpfung des Klimawandels zusammenzuarbeiten"", sagte Xie. Er sicherte zudem zu, dass beide Länder in Glasgow auch auf die Fertigstellung des Regelbuchs zur konkreten Umsetzung des Pariser Klimaabkommen hinarbeiteten. Der US-Klimagesandte John Kerry bestätigte die Vereinbarung. Zusammenarbeit beim Klimaschutz sei ""der einzige Weg"", die Klimakrise zu bewältigen, sagte er in Glasgow. UN-Generalsekretär António Guterres lobte die Vereinbarung der beiden Länder als ""wichtigen Schritt in die richtige Richtung"". Das Pariser Abkommen sieht eine Begrenzung der Erderwärmung auf deutlich unter zwei Grad, möglichst aber auf 1,5 Grad vor. Derzeit steuert die Erde nach UN-Angaben aber selbst bei Erfüllung aller nationaler Klimaschutzzusagen auf eine folgenschwere Erwärmung um 2,7 Grad bis zum Jahrhundertende zu. China und die USA verursachen gemeinsam fast 40 Prozent der weltweiten klimaschädlichen CO2-Emissionen. In Glasgow verhandeln seit dem 31. Oktober fast 200 Staaten über die konkrete Umsetzung des Pariser Abkommens von 2015. Offiziell soll   am Freitag enden. Nick Mabey, Chef des Think-tanks E3G, sagte, die Erklärung sei vor allem ein geopolitisches Signal. Damit würden die „verbalen Feindseligkeiten“ beendet, sie setzten sich für Klima-Kooperation und multilaterale Foren ein. Das wiederum erhöhe den Druck auf beide Länder, sich in den Sachfragen zu bewegen und die COP zum Erfolg zu führen. Deutschland beteiligt sich zunächst nicht an einer Allianz von zwei Dutzend Staaten, die ein Datum für den Ausstieg aus Verbrennungsmotoren festsetzen wollen, wie am Mittwoch klar wurde. Es bestehe innerhalb der Bundesregierung zwar Konsens, dass bis 2035 nur noch Null-Emissionsfahrzeuge zugelassen werden sollen, sagte ein Sprecher des Bundesumweltministeriums. Allerdings gibt es keine Einigkeit zu einer Fußnote der Erklärung.  Ihr zufolge können E-Fuels in Verbrennungsmotoren nicht Teil der Lösung beim Klimaschutz sein. Dagegen leistet der geschäftsführende Verkehrsminister Andreas Scheuer (CSU) Widerstand. Auch in der sich bildenden Bundesregierung besteht bei dem Thema noch Verhandlungsbedarf.Allerdings schließt sich Deutschland der am Mittwoch auf der UN-Klimakonferenz geschlossenen Allianz für mehr Klimaschutz im Luftverkehr nun doch an, teilte das Bundesverkehrsministerium am Abend mit. Verkehrsminister Andreas Scheuer äußerte sich auf Twitter: ""Wir wollen saubere & klimaneutrale Mobilität, aber eben technologieoffen. Der FOSSILE Verbrenner muss 2035 auslaufen! Was in der Glasgow-Erklärung fehlt? – eFuels aus erneuerbaren Energien in Verbrennungsmotoren zu nutzen."" Konkret hebt der Entwurf für die CMA-Abschlusserklärung hervor, dass die globalen Emissionen bis 2030 um 45 Prozent gesenkt werden müssen, dass sie aber laut den nationalen Selbstverpflichtungen bis 2030 steigen werden. „Solch eine Referenz ist hilfreich, weil sie als Messlatte für die folgenden Paragraphen dienen kann“, sagte der Finanzexperte der Umwelt- und Menschenrechtsorganisation Oxfam, Jan Kowalzig. Was die Versprechen der Industrieländer wert sein können, ihre Emissionen zu senken, zeigen Pläne der britischen Regierung, vor den Shetlandinseln nach Öl zu bohren. Laut einer am heutigen Donnerstag veröffentlichten Analyse des Thinktanks Carbon Tracker ist der Plan mit dem 1,5-Grad-Ziel nicht vereinbar. Ed Miliband, Sprecher für Energie der oppositionellen britischen Labourpartei, teilte mit, das Cambo-Ölfeld entspreche dem Betrieb von 18 Kohlekraftwerken. Insgesamt sei der CMA-Entwurf „wenig ausbalanciert und zu schwach als Grundlage für einen echten Durchbruch hier in Glasgow“, teilte Jan Kowalzig weiter mit. So stellt der Text „mit Bedauern“ fest, dass das Ziel der Industrieländer, 100 Milliarden Dollar ab 2020 zu mobilisieren, noch nicht erfüllt wurde. Dass die Geberländer die Unterfüllung des Versprechens in den Jahren 2020 bis 2022 später ausgleichen werden, kommt nicht vor. Auch beim Umgang mit Schäden und Verlusten infolge des Klimawandels bleiben die Bedürfnisse der Entwicklungsländer „sträflich vernachlässigt“, so Kowalzig. Hier enthält der Text keine konkreten Zusagen oder Verpflichtungen für die reichen Länder. Insgesamt kritisierte auch Greenpeace-Chefin Jennifer Morgan den Entwurf für die COP-Entscheidung. Es sei kein Plan, um die Klimakrise zu lösen, sondern eine Übereinkunft, „dass wir alle die Daumen drücken und auf das Beste hoffen“, sagte sie mit Sarkasmus. Der Chef des UN-Entwicklungsprogramms (UNDP), Achim Steiner, forderte die Industriestaaten auf, Klimaschutzhilfen für die Entwicklungsländer nicht länger als „Almosen“ zu betrachten. Die Entwicklungsländer müssten in den nächsten Jahren Milliarden in ihre Energiesysteme und die Anpassung an den Klimawandel investieren, obwohl sie die zunehmenden Wetterextreme in den meisten Fällen gar nicht zu verantworten hätten, sagte Steiner dem „Handelsblatt“.Lsen  China hatte kurz vor der Weltklimakonferenz mit seinem überarbeiteten Klimaziel enttäuscht. Darin bestätigte das bevölkerungsreichste Land der Welt lediglich, dass es bis zum Jahr 2060 CO2-Neutralität erreichen will. Die Treibhausgasemissionen des Landes sollen vor 2030 ihren Höhepunkt erreichen, könnten also bis dahin noch deutlich steigen. Vielfach kritisiert wurde auch, dass Chinas Präsident Xi Jinping anders als zahlreiche andere Staats- und Regierungschefs zum Auftakt der UN-Klimakonferenz nicht nach Glasgow gereist war. Sowohl die USA als auch die Bundesregierung hatten Peking aufgerufen, beim Klimaschutz nachzulegen.  bei der UN-Klimakonferenz COP26 für mehr Klimaschutz die COP26",tagesspiegel
Ausstoß weltweit so hoch wie vor Corona . China für 31 Prozent der globalen CO2-Emissionen verantwortlich,no_author,"04.11.2021, 05:14 Uhr",https://www.tagesspiegel.de/politik/ausstoss-weltweit-so-hoch-wie-vor-corona-china-fuer-31-prozent-der-globalen-co2-emissionen-verantwortlich/27767612.html,"Die für   hauptverantwortlichen weltweiten CO2-Emissionen werden in diesem Jahr wieder annähernd das Niveau von vor der Corona-Pandemie erreichen. Das geht aus dem Klimabericht des Forschungsprojekts Global Carbon Projekt 2021 hervor, der am Donnerstag anlässlich der   veröffentlicht wird.  China, das sich schneller von den wirtschaftlichen Folgen der Pandemie erholte als der Rest der Welt, war demnach 2020 für 31 Prozent der CO2-Emissionen verantwortlich. Wenn sich die diesjährigen Trends fortsetzten, sei ein weiterer Anstieg der weltweiten Emissionen im Jahr 2022 nicht auszuschließen, erklärten die Forscher. Dies gelte vor allem, wenn der Straßenverkehr und der Luftverkehr auf ihr früheres Niveau zurückkehrten und der Kohleverbrauch stabil bleibe. Verantwortlich für den starken Anstieg der CO2-Emissionen in China seien die Energiebranche und die Industrie. Weltweit gingen die CO2-Emissionen aus fossilen Energien wegen der Corona-Maßnahmen im Jahr 2020 um 5,4 Prozent zurück. Für dieses Jahr prognostiziert der neue Bericht jedoch einen Anstieg um 4,9 Prozent. Die Emissionen aus der Kohlenutzung werden den Prognosen zufolge im Jahr 2021 über dem Niveau von 2019, aber immer noch unter dem Höchststand von 2014 liegen. Die Emissionen aus der Nutzung von Erdgas werden 2021 voraussichtlich ebenfalls über das Niveau von 2019 ansteigen, womit sich der seit mindestens 60 Jahren anhaltende Aufwärtstrend fortsetze. Nur die CO2-Emissionen aus Erdöl bleiben 2021 deutlich unter dem Niveau von 2019. ""Der schnelle Anstieg der Emissionen durch die Erholung der Wirtschaft von der Pandemie erhöht die Notwendigkeit sofortigen Handelns gegen den Klimawandel"", erklärte Pierre Friedlingstein vom Global Systems Institute in Exeter. Er leitete die Studie, an der auch Wissenschaftler der Universität East Anglia, Cicero und der Universität Stanford beteiligt waren. Die Investitionen in grüne Wirtschaft in den Konjunkturprogrammen einiger Länder reichten demnach bisher nicht aus, um die Trendwende zu schaffen. Allerdings scheine der Einbruch der Wirtschaft durch die Corona-Pandemie den Übergang zu erneuerbaren Energien beschleunigt zu haben. Für die EU prognostiziert das Global Carbon Projekt im Jahr 2021 einen Anstieg der Treibhausgasemissionen um 7,6 Prozent im Vergleich zu 2020. Die Emissionen wären dann 4,2 Prozent niedriger als 2019. In Deutschland lagen die Emissionen im Jahr 2020 um 9,7 Prozent unter dem Niveau von 2019. Die Emissionen der USA werden dem Bericht zufolge in diesem Jahr um 7,6 Prozent gegenüber 2020 steigen, dabei aber 3,7 Prozent unter dem Stand von 2019 bleiben. Die USA waren 2020 für 14 Prozent der globalen Emissionen verantwortlich. In Indien werden die Emissionen gegenüber 2020 um 12,6 Prozent steigen und 4,4 Prozent über dem Stand von 2019 liegen. Der Subkontinent ist in diesem Jahr für sieben Prozent der weltweiten Emissionen verantwortlich. Die Volksrepublik China ist bereits seit 2007 für ein Viertel der globalen CO2-Emissionen verantwortlich. Um eine 50-prozentige Chance zu haben, die Erderwärmung bei 1,5 Grad zu stoppen, ist das weltweit verbleibende CO2-Budget der Menschheit laut dem Global Carbon Project auf 420 Milliarden Tonnen geschrumpft und wäre bei einem CO2-Ausstoß auf dem Level von 2021 in elf Jahren aufgebraucht. Die COP26 läuft bis zum 12. November. 197 Nationen verhandeln in Glasgow über die weitere Umsetzung des Pariser Klimaschutzabkommens von 2015. Das Abkommen sieht die Begrenzung der Erderwärmung auf deutlich unter zwei Grad, idealerweise 1,5 Grad, im Vergleich zum vorindustriellen Zeitalter vor. Experten und die UNO warnen aber, dass die Erde derzeit auf eine Erwärmung von 2,7 Grad in diesem Jahrhundert zusteuert. den Klimawandel Weltklimakonferenz COP26 in Glasgow",tagesspiegel
